Country,Subject Descriptor,Units,Scale,Country/Series-specific Notes,2015,Estimates Start After
Afghanistan,"Gross domestic product per capita, current prices",U.S. dollars,Units,"See notes for:  Gross domestic product, current prices (National currency) Population (Persons).",599.994,2013.0
Albania,"Gross domestic product per capita, current prices",U.S. dollars,Units,"See notes for:  Gross domestic product, current prices (National currency) Population (Persons).","3,995.38",2010.0
Algeria,"Gross domestic product per capita, current prices",U.S. dollars,Units,"See notes for:  Gross domestic product, current prices (National currency) Population (Persons).","4,318.14",2014.0
Angola,"Gross domestic product per capita, current prices",U.S. dollars,Units,"See notes for:  Gross domestic product, current prices (National currency) Population (Persons).","4,100.32",2014.0
Antigua and Barbuda,"Gross domestic product per capita, current prices",U.S. dollars,Units,"See notes for:  Gross domestic product, current prices (National currency) Population (Persons).","14,414.30",2011.0
Argentina,"Gross domestic product per capita, current prices",U.S. dollars,Units,"See notes for:  Gross domestic product, current prices (National currency) Population (Persons).","13,588.85",2013.0
Armenia,"Gross domestic product per capita, current prices",U.S. dollars,Units,"See notes for:  Gross domestic product, current prices (National currency) Population (Persons).","3,534.86",2014.0
Australia,"Gross domestic product per capita, current prices",U.S. dollars,Units,"See notes for:  Gross domestic product, current prices (National currency) Population (Persons).","50,961.87",2014.0
Austria,"Gross domestic product per capita, current prices",U.S. dollars,Units,"See notes for:  Gross domestic product, current prices (National currency) Population (Persons).","43,724.03",2015.0
Azerbaijan,"Gross domestic product per capita, current prices",U.S. dollars,Units,"See notes for:  Gross domestic product, current prices (National currency) Population (Persons).","5,739.43",2014.0
The Bahamas,"Gross domestic product per capita, current prices",U.S. dollars,Units,"See notes for:  Gross domestic product, current prices (National currency) Population (Persons).","23,902.81",2013.0
Bahrain,"Gross domestic product per capita, current prices",U.S. dollars,Units,"See notes for:  Gross domestic product, current prices (National currency) Population (Persons).","23,509.98",2014.0
Bangladesh,"Gross domestic product per capita, current prices",U.S. dollars,Units,"See notes for:  Gross domestic product, current prices (National currency) Population (Persons).","1,286.87",2013.0
Barbados,"Gross domestic product per capita, current prices",U.S. dollars,Units,"See notes for:  Gross domestic product, current prices (National currency) Population (Persons).","15,773.56",2010.0
Belarus,"Gross domestic product per capita, current prices",U.S. dollars,Units,"See notes for:  Gross domestic product, current prices (National currency) Population (Persons).","5,749.12",2013.0
Belgium,"Gross domestic product per capita, current prices",U.S. dollars,Units,"See notes for:  Gross domestic product, current prices (National currency) Population (Persons).","40,106.63",2014.0
Belize,"Gross domestic product per capita, current prices",U.S. dollars,Units,"See notes for:  Gross domestic product, current prices (National currency) Population (Persons).","4,841.74",2013.0
Benin,"Gross domestic product per capita, current prices",U.S. dollars,Units,"See notes for:  Gross domestic product, current prices (National currency) Population (Persons).",780.063,2011.0
Bhutan,"Gross domestic product per capita, current prices",U.S. dollars,Units,"See notes for:  Gross domestic product, current prices (National currency) Population (Persons).","2,843.40",2011.0
Bolivia,"Gross domestic product per capita, current prices",U.S. dollars,Units,"See notes for:  Gross domestic product, current prices (National currency) Population (Persons).","2,886.23",2012.0
Bosnia and Herzegovina,"Gross domestic product per capita, current prices",U.S. dollars,Units,"See notes for:  Gross domestic product, current prices (National currency) Population (Persons).","4,088.21",2014.0
Botswana,"Gross domestic product per capita, current prices",U.S. dollars,Units,"See notes for:  Gross domestic product, current prices (National currency) Population (Persons).","6,040.96",2008.0
Brazil,"Gross domestic product per capita, current prices",U.S. dollars,Units,"See notes for:  Gross domestic product, current prices (National currency) Population (Persons).","8,670.00",2014.0
Brunei Darussalam,"Gross domestic product per capita, current prices",U.S. dollars,Units,"See notes for:  Gross domestic product, current prices (National currency) Population (Persons).","28,236.64",2013.0
Bulgaria,"Gross domestic product per capita, current prices",U.S. dollars,Units,"See notes for:  Gross domestic product, current prices (National currency) Population (Persons).","6,831.66",2014.0
Burkina Faso,"Gross domestic product per capita, current prices",U.S. dollars,Units,"See notes for:  Gross domestic product, current prices (National currency) Population (Persons).",614.5,2012.0
Burundi,"Gross domestic product per capita, current prices",U.S. dollars,Units,"See notes for:  Gross domestic product, current prices (National currency) Population (Persons).",305.783,0.0
Cabo Verde,"Gross domestic product per capita, current prices",U.S. dollars,Units,"See notes for:  Gross domestic product, current prices (National currency) Population (Persons).","3,038.51",2014.0
Cambodia,"Gross domestic product per capita, current prices",U.S. dollars,Units,"See notes for:  Gross domestic product, current prices (National currency) Population (Persons).","1,168.04",2012.0
Cameroon,"Gross domestic product per capita, current prices",U.S. dollars,Units,"See notes for:  Gross domestic product, current prices (National currency) Population (Persons).","1,232.42",2010.0
Canada,"Gross domestic product per capita, current prices",U.S. dollars,Units,"See notes for:  Gross domestic product, current prices (National currency) Population (Persons).","43,331.96",2015.0
Central African Republic,"Gross domestic product per capita, current prices",U.S. dollars,Units,"See notes for:  Gross domestic product, current prices (National currency) Population (Persons).",334.87,2004.0
Chad,"Gross domestic product per capita, current prices",U.S. dollars,Units,"See notes for:  Gross domestic product, current prices (National currency) Population (Persons).",941.903,2004.0
Chile,"Gross domestic product per capita, current prices",U.S. dollars,Units,"See notes for:  Gross domestic product, current prices (National currency) Population (Persons).","13,340.91",2014.0
China,"Gross domestic product per capita, current prices",U.S. dollars,Units,"See notes for:  Gross domestic product, current prices (National currency) Population (Persons).","7,989.72",2015.0
Colombia,"Gross domestic product per capita, current prices",U.S. dollars,Units,"See notes for:  Gross domestic product, current prices (National currency) Population (Persons).","6,083.51",2014.0
Comoros,"Gross domestic product per capita, current prices",U.S. dollars,Units,"See notes for:  Gross domestic product, current prices (National currency) Population (Persons).",736.348,2003.0
Democratic Republic of the Congo,"Gross domestic product per capita, current prices",U.S. dollars,Units,"See notes for:  Gross domestic product, current prices (National currency) Population (Persons).",475.916,1983.0
Republic of Congo,"Gross domestic product per capita, current prices",U.S. dollars,Units,"See notes for:  Gross domestic product, current prices (National currency) Population (Persons).","2,032.27",2004.0
Costa Rica,"Gross domestic product per capita, current prices",U.S. dollars,Units,"See notes for:  Gross domestic product, current prices (National currency) Population (Persons).","10,936.24",2011.0
Côte d'Ivoire,"Gross domestic product per capita, current prices",U.S. dollars,Units,"See notes for:  Gross domestic product, current prices (National currency) Population (Persons).","1,314.68",2012.0
Croatia,"Gross domestic product per capita, current prices",U.S. dollars,Units,"See notes for:  Gross domestic product, current prices (National currency) Population (Persons).","11,572.91",2013.0
Cyprus,"Gross domestic product per capita, current prices",U.S. dollars,Units,"See notes for:  Gross domestic product, current prices (National currency) Population (Persons).","22,587.49",2014.0
Czech Republic,"Gross domestic product per capita, current prices",U.S. dollars,Units,"See notes for:  Gross domestic product, current prices (National currency) Population (Persons).","17,256.92",2015.0
Denmark,"Gross domestic product per capita, current prices",U.S. dollars,Units,"See notes for:  Gross domestic product, current prices (National currency) Population (Persons).","52,114.17",2015.0
Djibouti,"Gross domestic product per capita, current prices",U.S. dollars,Units,"See notes for:  Gross domestic product, current prices (National currency) Population (Persons).","1,788.36",2009.0
Dominica,"Gross domestic product per capita, current prices",U.S. dollars,Units,"See notes for:  Gross domestic product, current prices (National currency) Population (Persons).","7,030.15",2011.0
Dominican Republic,"Gross domestic product per capita, current prices",U.S. dollars,Units,"See notes for:  Gross domestic product, current prices (National currency) Population (Persons).","6,755.74",2014.0
Ecuador,"Gross domestic product per capita, current prices",U.S. dollars,Units,"See notes for:  Gross domestic product, current prices (National currency) Population (Persons).","6,070.95",2014.0
Egypt,"Gross domestic product per capita, current prices",U.S. dollars,Units,"See notes for:  Gross domestic product, current prices (National currency) Population (Persons).","3,740.25",2014.0
El Salvador,"Gross domestic product per capita, current prices",U.S. dollars,Units,"See notes for:  Gross domestic product, current prices (National currency) Population (Persons).","4,040.32",2007.0
Equatorial Guinea,"Gross domestic product per capita, current prices",U.S. dollars,Units,"See notes for:  Gross domestic product, current prices (National currency) Population (Persons).","11,762.39",2010.0
Eritrea,"Gross domestic product per capita, current prices",U.S. dollars,Units,"See notes for:  Gross domestic product, current prices (National currency) Population (Persons).",694.753,2006.0
Estonia,"Gross domestic product per capita, current prices",U.S. dollars,Units,"See notes for:  Gross domestic product, current prices (National currency) Population (Persons).","17,288.08",2014.0
Ethiopia,"Gross domestic product per capita, current prices",U.S. dollars,Units,"See notes for:  Gross domestic product, current prices (National currency) Population (Persons).",686.593,2008.0
Fiji,"Gross domestic product per capita, current prices",U.S. dollars,Units,"See notes for:  Gross domestic product, current prices (National currency) Population (Persons).","5,373.63",2013.0
Finland,"Gross domestic product per capita, current prices",U.S. dollars,Units,"See notes for:  Gross domestic product, current prices (National currency) Population (Persons).","41,973.99",2014.0
France,"Gross domestic product per capita, current prices",U.S. dollars,Units,"See notes for:  Gross domestic product, current prices (National currency) Population (Persons).","37,675.01",2015.0
Gabon,"Gross domestic product per capita, current prices",U.S. dollars,Units,"See notes for:  Gross domestic product, current prices (National currency) Population (Persons).","7,735.94",0.0
The Gambia,"Gross domestic product per capita, current prices",U.S. dollars,Units,"See notes for:  Gross domestic product, current prices (National currency) Population (Persons).",450.859,2010.0
Georgia,"Gross domestic product per capita, current prices",U.S. dollars,Units,"See notes for:  Gross domestic product, current prices (National currency) Population (Persons).","3,788.62",2013.0
Germany,"Gross domestic product per capita, current prices",U.S. dollars,Units,"See notes for:  Gross domestic product, current prices (National currency) Population (Persons).","40,996.51",2014.0
Ghana,"Gross domestic product per capita, current prices",U.S. dollars,Units,"See notes for:  Gross domestic product, current prices (National currency) Population (Persons).","1,340.42",0.0
Greece,"Gross domestic product per capita, current prices",U.S. dollars,Units,"See notes for:  Gross domestic product, current prices (National currency) Population (Persons).","18,064.29",2014.0
Grenada,"Gross domestic product per capita, current prices",U.S. dollars,Units,"See notes for:  Gross domestic product, current prices (National currency) Population (Persons).","8,936.58",2011.0
Guatemala,"Gross domestic product per capita, current prices",U.S. dollars,Units,"See notes for:  Gross domestic product, current prices (National currency) Population (Persons).","3,929.08",2010.0
Guinea,"Gross domestic product per capita, current prices",U.S. dollars,Units,"See notes for:  Gross domestic product, current prices (National currency) Population (Persons).",542.417,2009.0
Guinea-Bissau,"Gross domestic product per capita, current prices",U.S. dollars,Units,"See notes for:  Gross domestic product, current prices (National currency) Population (Persons).",594.94,2004.0
Guyana,"Gross domestic product per capita, current prices",U.S. dollars,Units,"See notes for:  Gross domestic product, current prices (National currency) Population (Persons).","4,125.02",2002.0
Haiti,"Gross domestic product per capita, current prices",U.S. dollars,Units,"See notes for:  Gross domestic product, current prices (National currency) Population (Persons).",804.564,0.0
Honduras,"Gross domestic product per capita, current prices",U.S. dollars,Units,"See notes for:  Gross domestic product, current prices (National currency) Population (Persons).","2,406.62",2001.0
Hong Kong SAR,"Gross domestic product per capita, current prices",U.S. dollars,Units,"See notes for:  Gross domestic product, current prices (National currency) Population (Persons).","42,389.63",2015.0
Hungary,"Gross domestic product per capita, current prices",U.S. dollars,Units,"See notes for:  Gross domestic product, current prices (National currency) Population (Persons).","12,239.89",2015.0
Iceland,"Gross domestic product per capita, current prices",U.S. dollars,Units,"See notes for:  Gross domestic product, current prices (National currency) Population (Persons).","50,854.58",2014.0
India,"Gross domestic product per capita, current prices",U.S. dollars,Units,"See notes for:  Gross domestic product, current prices (National currency) Population (Persons).","1,617.31",2013.0
Indonesia,"Gross domestic product per capita, current prices",U.S. dollars,Units,"See notes for:  Gross domestic product, current prices (National currency) Population (Persons).","3,362.36",2014.0
Islamic Republic of Iran,"Gross domestic product per capita, current prices",U.S. dollars,Units,"See notes for:  Gross domestic product, current prices (National currency) Population (Persons).","4,877.07",2012.0
Iraq,"Gross domestic product per capita, current prices",U.S. dollars,Units,"See notes for:  Gross domestic product, current prices (National currency) Population (Persons).","4,819.49",2013.0
Ireland,"Gross domestic product per capita, current prices",U.S. dollars,Units,"See notes for:  Gross domestic product, current prices (National currency) Population (Persons).","51,350.74",2014.0
Israel,"Gross domestic product per capita, current prices",U.S. dollars,Units,"See notes for:  Gross domestic product, current prices (National currency) Population (Persons).","35,343.34",2015.0
Italy,"Gross domestic product per capita, current prices",U.S. dollars,Units,"See notes for:  Gross domestic product, current prices (National currency) Population (Persons).","29,866.58",2015.0
Jamaica,"Gross domestic product per capita, current prices",U.S. dollars,Units,"See notes for:  Gross domestic product, current prices (National currency) Population (Persons).","4,948.02",2014.0
Japan,"Gross domestic product per capita, current prices",U.S. dollars,Units,"See notes for:  Gross domestic product, current prices (National currency) Population (Persons).","32,485.55",2015.0
Jordan,"Gross domestic product per capita, current prices",U.S. dollars,Units,"See notes for:  Gross domestic product, current prices (National currency) Population (Persons).","5,513.01",2014.0
Kazakhstan,"Gross domestic product per capita, current prices",U.S. dollars,Units,"See notes for:  Gross domestic product, current prices (National currency) Population (Persons).","9,795.63",2014.0
Kenya,"Gross domestic product per capita, current prices",U.S. dollars,Units,"See notes for:  Gross domestic product, current prices (National currency) Population (Persons).","1,388.45",2013.0
Kiribati,"Gross domestic product per capita, current prices",U.S. dollars,Units,"See notes for:  Gross domestic product, current prices (National currency) Population (Persons).","1,427.62",2013.0
Korea,"Gross domestic product per capita, current prices",U.S. dollars,Units,"See notes for:  Gross domestic product, current prices (National currency) Population (Persons).","27,195.20",2014.0
Kosovo,"Gross domestic product per capita, current prices",U.S. dollars,Units,,,
Kuwait,"Gross domestic product per capita, current prices",U.S. dollars,Units,"See notes for:  Gross domestic product, current prices (National currency) Population (Persons).","29,363.03",2014.0
Kyrgyz Republic,"Gross domestic product per capita, current prices",U.S. dollars,Units,"See notes for:  Gross domestic product, current prices (National currency) Population (Persons).","1,112.81",2012.0
Lao P.D.R.,"Gross domestic product per capita, current prices",U.S. dollars,Units,"See notes for:  Gross domestic product, current prices (National currency) Population (Persons).","1,778.71",2012.0
Latvia,"Gross domestic product per capita, current prices",U.S. dollars,Units,"See notes for:  Gross domestic product, current prices (National currency) Population (Persons).","13,618.57",2015.0
Lebanon,"Gross domestic product per capita, current prices",U.S. dollars,Units,"See notes for:  Gross domestic product, current prices (National currency) Population (Persons).","11,236.79",2012.0
Lesotho,"Gross domestic product per capita, current prices",U.S. dollars,Units,"See notes for:  Gross domestic product, current prices (National currency) Population (Persons).","1,051.61",2006.0
Liberia,"Gross domestic product per capita, current prices",U.S. dollars,Units,"See notes for:  Gross domestic product, current prices (National currency) Population (Persons).",473.636,2009.0
Libya,"Gross domestic product per capita, current prices",U.S. dollars,Units,"See notes for:  Gross domestic product, current prices (National currency) Population (Persons).","6,058.67",2014.0
Lithuania,"Gross domestic product per capita, current prices",U.S. dollars,Units,"See notes for:  Gross domestic product, current prices (National currency) Population (Persons).","14,210.28",2015.0
Luxembourg,"Gross domestic product per capita, current prices",U.S. dollars,Units,"See notes for:  Gross domestic product, current prices (National currency) Population (Persons).","101,994.09",2014.0
FYR Macedonia,"Gross domestic product per capita, current prices",U.S. dollars,Units,"See notes for:  Gross domestic product, current prices (National currency) Population (Persons).","4,786.84",2014.0
Madagascar,"Gross domestic product per capita, current prices",U.S. dollars,Units,"See notes for:  Gross domestic product, current prices (National currency) Population (Persons).",401.771,2006.0
Malawi,"Gross domestic product per capita, current prices",U.S. dollars,Units,"See notes for:  Gross domestic product, current prices (National currency) Population (Persons).",354.275,2011.0
Malaysia,"Gross domestic product per capita, current prices",U.S. dollars,Units,"See notes for:  Gross domestic product, current prices (National currency) Population (Persons).","9,556.77",2014.0
Maldives,"Gross domestic product per capita, current prices",U.S. dollars,Units,"See notes for:  Gross domestic product, current prices (National currency) Population (Persons).","8,999.97",2006.0
Mali,"Gross domestic product per capita, current prices",U.S. dollars,Units,"See notes for:  Gross domestic product, current prices (National currency) Population (Persons).",801.844,2010.0
Malta,"Gross domestic product per capita, current prices",U.S. dollars,Units,"See notes for:  Gross domestic product, current prices (National currency) Population (Persons).",22734.233,2014.0
Marshall Islands,"Gross domestic product per capita, current prices",U.S. dollars,Units,"See notes for:  Gross domestic product, current prices (National currency) Population (Persons).","3,355.55",2013.0
Mauritania,"Gross domestic product per capita, current prices",U.S. dollars,Units,"See notes for:  Gross domestic product, current prices (National currency) Population (Persons).","1,282.33",2012.0
Mauritius,"Gross domestic product per capita, current prices",U.S. dollars,Units,"See notes for:  Gross domestic product, current prices (National currency) Population (Persons).","9,218.43",2014.0
Mexico,"Gross domestic product per capita, current prices",U.S. dollars,Units,"See notes for:  Gross domestic product, current prices (National currency) Population (Persons).","9,009.28",2015.0
Micronesia,"Gross domestic product per capita, current prices",U.S. dollars,Units,"See notes for:  Gross domestic product, current prices (National currency) Population (Persons).","3,072.69",2013.0
Moldova,"Gross domestic product per capita, current prices",U.S. dollars,Units,"See notes for:  Gross domestic product, current prices (National currency) Population (Persons).","1,804.69",2015.0
Mongolia,"Gross domestic product per capita, current prices",U.S. dollars,Units,"See notes for:  Gross domestic product, current prices (National currency) Population (Persons).","3,951.91",2014.0
Montenegro,"Gross domestic product per capita, current prices",U.S. dollars,Units,"See notes for:  Gross domestic product, current prices (National currency) Population (Persons).","6,489.10",2014.0
Morocco,"Gross domestic product per capita, current prices",U.S. dollars,Units,"See notes for:  Gross domestic product, current prices (National currency) Population (Persons).","3,078.59",2014.0
Mozambique,"Gross domestic product per capita, current prices",U.S. dollars,Units,"See notes for:  Gross domestic product, current prices (National currency) Population (Persons).",534.879,2013.0
Myanmar,"Gross domestic product per capita, current prices",U.S. dollars,Units,"See notes for:  Gross domestic product, current prices (National currency) Population (Persons).","1,291.96",2007.0
Namibia,"Gross domestic product per capita, current prices",U.S. dollars,Units,"See notes for:  Gross domestic product, current prices (National currency) Population (Persons).","5,776.90",2008.0
Nepal,"Gross domestic product per capita, current prices",U.S. dollars,Units,"See notes for:  Gross domestic product, current prices (National currency) Population (Persons).",751.12,2012.0
Netherlands,"Gross domestic product per capita, current prices",U.S. dollars,Units,"See notes for:  Gross domestic product, current prices (National currency) Population (Persons).","43,603.12",2014.0
New Zealand,"Gross domestic product per capita, current prices",U.S. dollars,Units,"See notes for:  Gross domestic product, current prices (National currency) Population (Persons).","37,044.89",2015.0
Nicaragua,"Gross domestic product per capita, current prices",U.S. dollars,Units,"See notes for:  Gross domestic product, current prices (National currency) Population (Persons).","1,949.23",2013.0
Niger,"Gross domestic product per capita, current prices",U.S. dollars,Units,"See notes for:  Gross domestic product, current prices (National currency) Population (Persons).",405.213,2009.0
Nigeria,"Gross domestic product per capita, current prices",U.S. dollars,Units,"See notes for:  Gross domestic product, current prices (National currency) Population (Persons).","2,742.86",2012.0
Norway,"Gross domestic product per capita, current prices",U.S. dollars,Units,"See notes for:  Gross domestic product, current prices (National currency) Population (Persons).","74,822.11",2015.0
Oman,"Gross domestic product per capita, current prices",U.S. dollars,Units,"See notes for:  Gross domestic product, current prices (National currency) Population (Persons).","15,232.96",2012.0
Pakistan,"Gross domestic product per capita, current prices",U.S. dollars,Units,"See notes for:  Gross domestic product, current prices (National currency) Population (Persons).","1,449.98",2015.0
Palau,"Gross domestic product per capita, current prices",U.S. dollars,Units,"See notes for:  Gross domestic product, current prices (National currency) Population (Persons).","16,070.42",2014.0
Panama,"Gross domestic product per capita, current prices",U.S. dollars,Units,"See notes for:  Gross domestic product, current prices (National currency) Population (Persons).","13,012.56",2013.0
Papua New Guinea,"Gross domestic product per capita, current prices",U.S. dollars,Units,"See notes for:  Gross domestic product, current prices (National currency) Population (Persons).","2,084.71",2012.0
Paraguay,"Gross domestic product per capita, current prices",U.S. dollars,Units,"See notes for:  Gross domestic product, current prices (National currency) Population (Persons).","4,009.57",2014.0
Peru,"Gross domestic product per capita, current prices",U.S. dollars,Units,"See notes for:  Gross domestic product, current prices (National currency) Population (Persons).","6,021.10",2015.0
Philippines,"Gross domestic product per capita, current prices",U.S. dollars,Units,"See notes for:  Gross domestic product, current prices (National currency) Population (Persons).","2,858.14",2015.0
Poland,"Gross domestic product per capita, current prices",U.S. dollars,Units,"See notes for:  Gross domestic product, current prices (National currency) Population (Persons).","12,495.33",2014.0
Portugal,"Gross domestic product per capita, current prices",U.S. dollars,Units,"See notes for:  Gross domestic product, current prices (National currency) Population (Persons).","19,121.59",2014.0
Qatar,"Gross domestic product per capita, current prices",U.S. dollars,Units,"See notes for:  Gross domestic product, current prices (National currency) Population (Persons).","76,576.08",2014.0
Romania,"Gross domestic product per capita, current prices",U.S. dollars,Units,"See notes for:  Gross domestic product, current prices (National currency) Population (Persons).","8,906.30",2015.0
Russia,"Gross domestic product per capita, current prices",U.S. dollars,Units,"See notes for:  Gross domestic product, current prices (National currency) Population (Persons).","9,054.91",2015.0
Rwanda,"Gross domestic product per capita, current prices",U.S. dollars,Units,"See notes for:  Gross domestic product, current prices (National currency) Population (Persons).",731.512,2012.0
Samoa,"Gross domestic product per capita, current prices",U.S. dollars,Units,"See notes for:  Gross domestic product, current prices (National currency) Population (Persons).","4,334.22",2011.0
San Marino,"Gross domestic product per capita, current prices",U.S. dollars,Units,"See notes for:  Gross domestic product, current prices (National currency) Population (Persons).","49,846.90",2014.0
São Tomé and Príncipe,"Gross domestic product per capita, current prices",U.S. dollars,Units,"See notes for:  Gross domestic product, current prices (National currency) Population (Persons).","1,568.97",2011.0
Saudi Arabia,"Gross domestic product per capita, current prices",U.S. dollars,Units,"See notes for:  Gross domestic product, current prices (National currency) Population (Persons).","20,812.59",2010.0
Senegal,"Gross domestic product per capita, current prices",U.S. dollars,Units,"See notes for:  Gross domestic product, current prices (National currency) Population (Persons).",913.024,2011.0
Serbia,"Gross domestic product per capita, current prices",U.S. dollars,Units,"See notes for:  Gross domestic product, current prices (National currency) Population (Persons).","5,119.76",2014.0
Seychelles,"Gross domestic product per capita, current prices",U.S. dollars,Units,"See notes for:  Gross domestic product, current prices (National currency) Population (Persons).","14,940.71",2013.0
Sierra Leone,"Gross domestic product per capita, current prices",U.S. dollars,Units,"See notes for:  Gross domestic product, current prices (National currency) Population (Persons).",659.438,2014.0
Singapore,"Gross domestic product per capita, current prices",U.S. dollars,Units,"See notes for:  Gross domestic product, current prices (National currency) Population (Persons).","52,887.77",2014.0
Slovak Republic,"Gross domestic product per capita, current prices",U.S. dollars,Units,"See notes for:  Gross domestic product, current prices (National currency) Population (Persons).","15,991.74",2015.0
Slovenia,"Gross domestic product per capita, current prices",U.S. dollars,Units,"See notes for:  Gross domestic product, current prices (National currency) Population (Persons).","20,732.48",2015.0
Solomon Islands,"Gross domestic product per capita, current prices",U.S. dollars,Units,"See notes for:  Gross domestic product, current prices (National currency) Population (Persons).","1,952.48",2014.0
South Africa,"Gross domestic product per capita, current prices",U.S. dollars,Units,"See notes for:  Gross domestic product, current prices (National currency) Population (Persons).","5,694.57",2014.0
South Sudan,"Gross domestic product per capita, current prices",U.S. dollars,Units,"See notes for:  Gross domestic product, current prices (National currency) Population (Persons).",220.86,2008.0
Spain,"Gross domestic product per capita, current prices",U.S. dollars,Units,"See notes for:  Gross domestic product, current prices (National currency) Population (Persons).","25,864.72",2014.0
Sri Lanka,"Gross domestic product per capita, current prices",U.S. dollars,Units,"See notes for:  Gross domestic product, current prices (National currency) Population (Persons).","3,889.41",2012.0
St. Kitts and Nevis,"Gross domestic product per capita, current prices",U.S. dollars,Units,"See notes for:  Gross domestic product, current prices (National currency) Population (Persons).","16,109.71",2003.0
St. Lucia,"Gross domestic product per capita, current prices",U.S. dollars,Units,"See notes for:  Gross domestic product, current prices (National currency) Population (Persons).","8,191.98",2012.0
St. Vincent and the Grenadines,"Gross domestic product per capita, current prices",U.S. dollars,Units,"See notes for:  Gross domestic product, current prices (National currency) Population (Persons).","6,882.29",2014.0
Sudan,"Gross domestic product per capita, current prices",U.S. dollars,Units,"See notes for:  Gross domestic product, current prices (National currency) Population (Persons).","2,175.40",2010.0
Suriname,"Gross domestic product per capita, current prices",U.S. dollars,Units,"See notes for:  Gross domestic product, current prices (National currency) Population (Persons).","9,305.69",2011.0
Swaziland,"Gross domestic product per capita, current prices",U.S. dollars,Units,"See notes for:  Gross domestic product, current prices (National currency) Population (Persons).","3,139.66",2014.0
Sweden,"Gross domestic product per capita, current prices",U.S. dollars,Units,"See notes for:  Gross domestic product, current prices (National currency) Population (Persons).","49,866.27",2014.0
Switzerland,"Gross domestic product per capita, current prices",U.S. dollars,Units,"See notes for:  Gross domestic product, current prices (National currency) Population (Persons).","80,675.31",2015.0
Syria,"Gross domestic product per capita, current prices",U.S. dollars,Units,"See notes for:  Gross domestic product, current prices (National currency) Population (Persons).",,2010.0
Taiwan Province of China,"Gross domestic product per capita, current prices",U.S. dollars,Units,"See notes for:  Gross domestic product, current prices (National currency) Population (Persons).","22,287.56",2015.0
Tajikistan,"Gross domestic product per capita, current prices",U.S. dollars,Units,"See notes for:  Gross domestic product, current prices (National currency) Population (Persons).",922.072,2014.0
Tanzania,"Gross domestic product per capita, current prices",U.S. dollars,Units,"See notes for:  Gross domestic product, current prices (National currency) Population (Persons).",941.804,2012.0
Thailand,"Gross domestic product per capita, current prices",U.S. dollars,Units,"See notes for:  Gross domestic product, current prices (National currency) Population (Persons).","5,742.28",2014.0
Timor-Leste,"Gross domestic product per capita, current prices",U.S. dollars,Units,"See notes for:  Gross domestic product, current prices (National currency) Population (Persons).","2,244.31",2011.0
Togo,"Gross domestic product per capita, current prices",U.S. dollars,Units,"See notes for:  Gross domestic product, current prices (National currency) Population (Persons).",569.435,2010.0
Tonga,"Gross domestic product per capita, current prices",U.S. dollars,Units,"See notes for:  Gross domestic product, current prices (National currency) Population (Persons).","3,972.74",2012.0
Trinidad and Tobago,"Gross domestic product per capita, current prices",U.S. dollars,Units,"See notes for:  Gross domestic product, current prices (National currency) Population (Persons).","18,085.76",2012.0
Tunisia,"Gross domestic product per capita, current prices",U.S. dollars,Units,"See notes for:  Gross domestic product, current prices (National currency) Population (Persons).","3,922.65",2010.0
Turkey,"Gross domestic product per capita, current prices",U.S. dollars,Units,"See notes for:  Gross domestic product, current prices (National currency) Population (Persons).","9,437.37",2013.0
Turkmenistan,"Gross domestic product per capita, current prices",U.S. dollars,Units,"See notes for:  Gross domestic product, current prices (National currency) Population (Persons).","6,622.41",2004.0
Tuvalu,"Gross domestic product per capita, current prices",U.S. dollars,Units,"See notes for:  Gross domestic product, current prices (National currency) Population (Persons).","3,014.63",2012.0
Uganda,"Gross domestic product per capita, current prices",U.S. dollars,Units,"See notes for:  Gross domestic product, current prices (National currency) Population (Persons).",620.213,2014.0
Ukraine,"Gross domestic product per capita, current prices",U.S. dollars,Units,"See notes for:  Gross domestic product, current prices (National currency) Population (Persons).",2125.426,2015.0
United Arab Emirates,"Gross domestic product per capita, current prices",U.S. dollars,Units,"See notes for:  Gross domestic product, current prices (National currency) Population (Persons).","36,060.02",2010.0
United Kingdom,"Gross domestic product per capita, current prices",U.S. dollars,Units,"See notes for:  Gross domestic product, current prices (National currency) Population (Persons).","43,770.69",2015.0
United States,"Gross domestic product per capita, current prices",U.S. dollars,Units,"See notes for:  Gross domestic product, current prices (National currency) Population (Persons).","55,805.20",2015.0
Uruguay,"Gross domestic product per capita, current prices",U.S. dollars,Units,"See notes for:  Gross domestic product, current prices (National currency) Population (Persons).","15,748.19",2014.0
Uzbekistan,"Gross domestic product per capita, current prices",U.S. dollars,Units,"See notes for:  Gross domestic product, current prices (National currency) Population (Persons).","2,120.78",2013.0
Vanuatu,"Gross domestic product per capita, current prices",U.S. dollars,Units,"See notes for:  Gross domestic product, current prices (National currency) Population (Persons).","2,847.11",2014.0
Venezuela,"Gross domestic product per capita, current prices",U.S. dollars,Units,"See notes for:  Gross domestic product, current prices (National currency) Population (Persons).","7,744.75",2010.0
Vietnam,"Gross domestic product per capita, current prices",U.S. dollars,Units,"See notes for:  Gross domestic product, current prices (National currency) Population (Persons).","2,088.34",2012.0
Yemen,"Gross domestic product per capita, current prices",U.S. dollars,Units,"See notes for:  Gross domestic product, current prices (National currency) Population (Persons).","1,302.94",2008.0
Zambia,"Gross domestic product per capita, current prices",U.S. dollars,Units,"See notes for:  Gross domestic product, current prices (National currency) Population (Persons).","1,350.15",2010.0
Zimbabwe,"Gross domestic product per capita, current prices",U.S. dollars,Units,"See notes for:  Gross domestic product, current prices (National currency) Population (Persons).","1,064.35",2012.0
